CTYNAME,0_4,5_19,20_,Cum_inf,Cum_inf_low,Cum_inf_high,Cum_inf_0,Cum_inf_0_low,Cum_inf_0_high,Cum_inf_1,Cum_inf_1_low,Cum_inf_1_high,Cum_inf_2,Cum_inf_2_low,Cum_inf_2_high,Cum_Hosp,Cum_Hosp_low,Cum_Hosp_high,Cum_Hosp_0,Cum_Hosp_1,Cum_Hosp_2
Anderson,3009,9494,45233,282.2417708860854,222.72120554032708,383.7580377104647,127.19995086046563,97.67873508142328,172.2365453492039,99.58147473007617,79.52889378046255,134.03924872468835,55.9367636340223,43.36870210564904,77.16316646527312,47.216888858199695,36.5236216979276,64.34555175110464,29.879097173402837,9.959510529943843,7.351559913063854
Andrews,1473,4847,12344,180.07253174104193,135.896092421329,231.80633178762733,86.88930036382447,64.45405888846354,111.21624567926276,71.14371091131217,55.33164023515918,91.37889178633095,21.855315023546336,16.400030249455924,28.163827252519155,30.974598337279104,23.114031423819384,39.475596763570856,20.74758389013621,7.293852656635699,2.9254094478832138
Angelina,5759,18551,63009,297.64601765179066,223.41439119795936,392.4706144351992,143.11587455862525,104.94289917148596,190.5532369997102,110.4903228065111,84.63313336285695,143.5225107186145,44.16861103138529,33.27409996081336,58.90791306314646,50.34460082943909,36.8768105388604,66.14135174529821,33.48091799168095,10.970309114374974,5.758298791475641
Aransas,1123,3859,20392,222.2657810720592,177.72822812584437,281.3452461528396,88.6873568544336,69.76161251491143,114.12022055392973,82.6408275768049,66.27543442122784,104.46582520198298,51.54585164711841,40.53813894167951,67.00434242555336,36.84169658474826,29.114507353315584,48.4322808779868,21.446120785756072,8.577449571624223,6.884755099164623
Archer,468,1761,6800,162.17129017277043,134.51640019571371,197.23470021523727,60.45696926824176,50.820277169887056,74.96676145247557,68.36625723273016,55.97475732139079,82.59154251574604,33.09354881072464,26.887831888022333,40.68273192514675,26.7640019357176,22.0500234822954,32.74925582585597,15.189021707822649,7.145263708881564,4.456385382937916
Armstrong,109,337,1386,99.61218142176472,89.5978047458,108.59658523575231,31.30478145400512,28.593444438789465,33.50107760343362,42.89132029630791,38.56934204409805,47.10492144046598,25.269624389519457,22.03822430659899,28.555398418146503,16.84537544040065,14.928507682279994,18.79171385443461,8.336906310169697,4.842565958505663,3.6185693161010057
Atascosa,3433,11779,36572,212.3283252975469,156.3159496164427,283.6483158520733,97.39853657027224,70.96743268355844,134.94923335297912,85.10138776755836,64.10895128618274,110.27827033974076,29.494106251259996,21.49385677616509,39.16616627283816,35.29087618788202,25.947285927905902,46.96756950486029,23.014490829134573,8.525312890568905,3.855316810433184
Austin,1827,6332,23518,257.6177584905696,202.4427974660802,334.6780369498319,114.0501268543149,88.08457036017708,149.42651944053512,97.61117243615436,76.33492796457877,126.08388882272996,45.491157493218935,34.914198537616,60.39056930732771,43.04358273894725,33.42430818117768,55.83714026617725,27.18241503624376,9.823796705710604,5.912547419018665
Bailey,559,1644,4469,175.80566898146634,141.7031689625404,208.52190790440036,74.27419667259338,61.27341582378535,89.33745244345675,78.06040545390937,61.71487710151049,94.81286331355784,22.999772134160743,17.659111556214924,28.231031858109716,29.64328566178594,23.92292210215698,36.60344029062345,18.433981365742063,8.275538420362809,3.0679564903
Bandera,897,3282,18458,268.34311651172044,227.55391557941044,343.1252654275745,96.61593846951754,80.66215735127535,124.29727886770686,98.97993115318016,82.23677901991654,126.87181400169185,71.85482214764932,59.03399024437456,92.85670882296736,43.011664846203246,36.03215373071015,56.03930348405797,23.67888783228816,10.127859836210366,9.539064856378324
Bastrop,7173,24489,79116,314.01989153068735,236.1752890218512,398.5105081368478,147.17234910569096,108.44121557351984,196.91649215855972,117.93206226309354,92.34270978282284,148.72246397790897,46.017143046563945,35.35387546579668,58.82618885236677,51.93993377694426,37.618865205678205,67.6124346840648,34.152517969795575,11.604637095928812,5.91295438001261
Baylor,198,645,2620,119.41090837284295,100.4528646519774,136.8396699532511,40.735771409339165,35.353117735869446,45.65578706647738,51.8221311573554,43.889132875464725,60.33288539217488,26.27931509007889,21.582225051114,31.01335615700604,19.90093040586484,16.728099030155963,23.33679122729519,10.61107857883103,5.665852016715015,3.632508722673406
Bee,1571,5544,23735,264.7768388511274,206.75429603439864,333.0492967307701,102.37082449290514,78.03734801995316,131.12649261747032,113.36410184709403,90.87152858538498,140.8303927390827,48.05025136485558,37.46740933574689,60.84465046460976,42.641817509368295,32.038079509813684,53.98055297054091,24.781769425887283,11.413092986676263,6.339202531932308
Bell,30378,88325,274490,287.294445532438,219.15222292484432,382.3429840566274,152.68878385600155,112.23745597515044,209.5118912781122,100.0205402978066,76.18977361466801,127.83612933905106,37.14863785717535,27.85791707665496,48.51994353760757,49.2740482278568,37.03241576767678,68.56986719423999,34.85597498245961,9.917017497446656,4.738347025506041
Bexar,132764,438364,1516551,309.777903537742,231.72746868265264,410.7221140956892,148.77294825578667,107.167942321337,201.5217830024136,118.40147515843812,91.60059355887124,153.95644988007686,45.42597363108865,34.354929837977835,59.51971261201559,51.66969736695641,37.34907634773332,68.96974248272656,33.72722343373698,11.532020518840174,5.776274340158972
Blanco,495,1887,10666,424.85529780255615,354.4804046133001,498.2425345165848,115.90494564590028,100.0959609504762,131.03308934701013,169.68190762806336,138.63307130113853,203.4459828841366,139.04199139556226,111.52231323232064,168.72471325481706,65.50428154586619,54.14651666659834,78.09461542349874,29.44393746261767,17.412286194898584,18.622895794659375
Borden,24,108,440,53.02218583234601,48.7804177622338,56.5529391575851,9.493783265192612,8.799538305573407,10.16585554524154,27.22897270396824,25.288146733208222,28.806068664212084,16.32764523285188,14.488020895070113,17.77818055479654,8.313929829686746,7.495268461445247,9.131099600641004,2.579219455111529,3.3107483009037955,2.42391819793632
Bosque,924,3369,14703,236.7680701201349,188.1464310374549,290.2603820571582,92.6852744187822,74.11254525927524,112.721650219659,91.91291464870235,71.9533280570718,114.49014635449882,51.18920305918468,39.6187546558868,64.64742663743976,38.90273692190927,30.133773817434605,48.49097727338042,22.697875488134727,9.387009110580792,6.842768741399169
Bowie,5420,18454,67813,307.0345527291836,236.31127258408392,400.5234941077379,142.92247157146193,107.0457256618044,188.2982293273734,112.75737843162128,86.04118821679005,146.09105962663466,50.83332282926989,38.640117932844646,67.49881661148557,50.90151131053345,39.49018490660645,66.55527859018135,33.0092871820727,11.259862128439655,6.510069572129282
Brazoria,24868,86319,287751,264.4739884132257,197.9601064756382,362.24873318745966,126.79185636497913,91.30595777749704,179.22360824381406,97.42618176255333,75.88775052858632,131.86331208951188,39.41004393958546,29.89883200450943,54.146555361398846,44.10425629774126,32.36372627498715,61.418620108884696,29.22416631275476,9.805791488030923,5.07559303502441
Brazos,13372,54902,176429,1096.787375146394,798.3197370421983,1434.820229414107,337.4917575661059,245.8376451664407,449.0566161781396,620.7436403188789,460.2877674006127,804.9231835768553,135.60334564576107,99.26458083406034,178.78031901557537,147.96745142741696,108.71117759480607,189.87396061834576,74.72791457892117,56.98617491320991,16.857253960181517
Brewster,431,1620,7462,519.8792625015518,456.7774126363449,587.0297585031255,115.15857454916048,103.28864326383568,126.75171719539156,273.783013439026,241.38415266841548,309.90635586453743,130.06246895716453,110.04894776220934,151.96081593315753,75.40259978649905,65.88049259374678,86.21134937615305,29.51428177666857,28.616566889794687,17.41832205373484
Briscoe,78,266,1101,95.70081267539754,86.03337391228045,105.08066107276066,26.43235544425384,24.33165050981235,28.460411238196347,41.43173133878321,37.35152802588613,45.4729508268463,27.67322302612223,24.21622781253589,31.438794766353347,15.936024546447436,14.018128513813323,17.861772641382963,7.102763057481736,4.802707681365631,4.011260569798547
Brooks,453,1465,4930,144.4409069107826,119.45587439119072,172.71347116916905,58.02290798396314,47.71234003733932,68.54627413734052,63.10110002984312,52.35752738882388,75.76973180817083,23.34579861230152,18.91557424617561,28.34729783896316,24.48879885099278,19.750030295540856,29.37105371305262,14.483136080828094,6.675417192761271,3.1910460089832187
Brown,2126,6834,29749,360.12899323480747,280.44408679368377,463.7392643626284,149.90780982586892,117.18558366187534,194.54055990621976,142.26777100197123,111.90773980348077,183.1423881401123,67.89498434034209,52.42816826168632,88.4889603401332,58.17462682902849,45.24092822271321,76.50977218288313,35.44415584562015,13.870901114918905,8.805996478901363
Burleson,1116,3611,14748,165.7981455382145,130.20360811858563,213.344245986004,74.36345486721106,55.69736232206268,93.94544329587946,62.0973594489178,50.66781207954981,79.39317967199732,30.113752855643693,23.949471819746314,39.61586397918895,28.60393751072155,22.427949053804078,37.63539659701882,18.072921369872624,6.4178167942834285,4.021868430372155
Burnet,2722,9252,42017,434.42213296085015,321.6977652873698,566.9958110088019,185.2137086908461,135.9930145005622,244.92832233228023,155.11558489607705,117.0151609985626,202.72419147893976,93.01628469777772,69.15265632758496,122.66620203761626,70.58093879352204,53.18623166117244,92.8105361141212,43.59839170817267,15.20105978291586,11.781532288609544
Caldwell,3104,9875,36880,344.33943832056514,265.7198730629729,442.2233285815425,151.65243465324716,113.42559179577354,197.53102017758533,137.2059671792303,105.59494761758523,172.3720026962144,54.97237623417156,42.35962706185404,71.56494064900501,56.72712558245419,42.60240909549375,72.84026133550468,36.03617008041577,13.567100729131107,7.216321978681849
Calhoun,1187,3807,14702,203.2518614325503,163.65265136276167,259.9209755865812,87.83492918554184,68.21038461650274,110.5611114596456,81.53778293962353,63.98059639934549,104.24871105539684,34.29230969714963,26.9077423375084,44.07927264537337,34.26868672021391,26.96693433747895,44.21263149911388,21.335280217898884,8.427516625394688,4.554129199042721
Callahan,738,2672,10964,234.95858437061707,181.79925720791832,281.3224425937169,90.32497030064862,72.17675282077398,108.62383548678666,94.04693442720556,73.98959724149705,111.94626004964933,50.818602946472026,38.5134516537124,61.2117087124828,38.19152256722301,29.20214960209227,47.232807621958656,22.07830140552908,9.548196379312802,6.69854620584796
Cameron,29717,104428,292565,223.338569824754,175.8511862119612,288.69550993660647,104.1128616004421,79.02655243016727,140.1452964990374,92.39541294706842,72.67138859823822,117.4882613555916,27.116422253662293,21.02553691969746,34.94559935581526,36.975355341010825,28.377036731015355,48.41512401610224,24.17470451228462,9.230396974622646,3.562171861188487
Camp,964,2870,9166,186.469389439955,153.59435454976418,229.4767685962021,85.27761013237887,70.4849396605119,104.67403092517551,73.61226128100559,59.88102037643968,91.01787479310003,26.926972498433223,21.65541760397099,34.168245179585824,32.204826013267684,26.009023751554007,39.78049990403933,20.978860090699776,7.681934350289195,3.5871171831686417
Carson,295,1212,4371,205.7152811697165,174.2324270882143,245.6757278779,63.65487715940461,55.26036431623568,72.32081167552069,94.9671800899622,79.64065414560619,114.6584848036185,47.21834583940898,38.71630601628375,58.18117097389568,32.61212908588395,27.750059373258956,39.08135372780942,16.31534132998522,9.98375170728093,6.435846908511898
Cass,1671,5477,21511,261.31031945209446,206.77534351851705,333.63859548800053,117.83354311832866,91.32560422290696,150.22708539707128,96.36801038859406,76.47911704397596,121.86666797075932,47.87662351525436,37.02762778246777,60.82325420919617,44.12754645926766,34.19935965024803,56.72538598641495,28.000882070553,9.736519716043423,6.284034934124502
Castro,567,1766,4894,157.55164551477685,127.63853186475812,192.31106498661995,68.07589132239482,54.916716279856615,81.71116149032414,68.35449128544789,56.92109360980969,83.61515701511615,21.463087583579565,17.354810813263462,26.56707235211474,26.971807683019755,21.417765122513902,33.53751303904165,16.831710347572656,7.1389817559238224,2.915810986281574
Chambers,3579,12736,37561,272.355682296187,209.10459684900897,363.1850234499778,128.78480763456503,97.44915975081764,173.575440365123,104.23884711734866,81.5965267873591,139.2292495775889,39.185700208257295,30.01562972313569,52.93613752476671,45.29973393739827,34.70451152758652,60.24897005476341,29.75620881946931,10.443827225924942,5.109261957987357
Cherokee,3500,10902,37815,205.70873159931784,164.55270090404082,265.3536904031096,99.2705137537457,78.931765096839,131.02770607626837,76.50753645978503,61.12217143184823,95.29664854210084,30.515561065607507,23.93717085408792,39.06157135630699,35.33188384025023,28.211490045337392,46.22613470342301,23.546186725467223,7.745545146971883,3.9759806195198673
Childress,314,1145,5329,217.02323247024304,181.5289809782997,249.1975296957376,65.07082140575653,55.807928294269566,72.60117195337229,97.722253420432,82.05917462753547,113.05682707701696,54.79743844093518,44.13066597062927,64.60938939501672,34.47129581561867,28.4098559471313,39.69257725824514,16.669448689220875,10.229500193806812,7.430297838069899
Clay,541,1875,8322,199.3684253862081,165.6445240421282,231.9571096422729,74.1277915147096,62.4801110573647,84.54703340466487,80.65698469232267,66.40103386740479,95.54011312673164,44.0618546484672,35.5303687622563,52.42549873091224,32.72781573366242,26.78982561465818,39.010348388005816,18.48344512938707,8.412517235414914,5.905720417628093
Cochran,212,534,1763,141.87918118669126,122.61581818289956,161.99204023496236,54.89727456040718,49.223216987240974,61.62568883239426,60.333363403422055,51.96114985542514,69.71990303667506,26.65671277503812,22.20456333512952,31.709805172287517,24.78953112276293,21.54455790695074,28.977433721572,14.348779044460072,6.6392594353731695,3.771092243171825
Coke,177,596,2579,141.6306329933304,121.88154493053496,160.3635007087634,46.34154553340386,41.13750760938267,51.17421511841601,56.17968352469085,48.36264928443399,63.67722592573643,39.45996973737533,32.8716396480321,46.76892546799327,23.908312416528304,20.50874208488945,27.816616405158133,12.19969188480426,6.154642005723473,5.531861313055442
Coleman,427,1377,6038,198.74424732014612,166.34159228602172,232.57811098470535,73.49824011571069,63.05432434185633,84.41941347085408,79.5113406369698,65.33271812193075,94.29385458970005,44.91443951106126,36.179468019777374,54.3262483932145,32.89868670751062,27.339917378695286,39.33990637400103,18.633585309773352,8.33776640962876,6.091843727598196
Collin,68206,256156,870997,453.9614774984085,331.66892303933224,630.9485003268194,207.15874101282404,147.3112042749083,302.0100051594947,175.7288978163946,129.6440707355539,228.87123176892217,73.60634659058654,53.99152694972919,99.25553988115205,72.89471893505208,52.61085887967211,101.16416034517113,47.0881689063404,16.831411114787464,9.338342345764914
Collingsworth,167,561,1835,135.91206654610488,117.28116576650392,157.10291768802708,43.87363105393311,39.69086135321364,48.67707360808531,62.83674863936274,53.911955276065534,73.75247000025702,28.917241668714407,23.94435598887293,34.868324051347045,22.5430383590362,19.353120955220643,26.22479959508137,11.575282045972092,6.895903158323339,4.0630206482579965
Colorado,1380,4071,15666,189.13602127786368,156.5785010363438,240.0191434339941,91.147134214911,72.6767169746853,115.55501090652812,66.46279368942545,56.15364838794957,81.69321526593468,31.391725598554,26.23163517317945,39.60123479235821,33.058793580632354,26.713536994087278,42.090725351270216,21.97632148582193,6.940182977220271,4.17716392819254
Comal,10135,36867,146926,393.5362410963661,282.6599863485164,552.6097964328203,178.5284274005204,127.59008571980272,257.0355439392628,141.0715843511407,102.48604016422064,193.8050036930023,72.95267991076872,52.65380341091572,103.57501255266338,64.65231938099843,44.18356607438103,90.86801599255428,41.19072262477579,13.744464697095951,9.342282891707518
Comanche,850,2632,10568,214.63144934485135,180.24176129456063,270.09722653488166,90.86716231637004,74.38554421133162,108.88416782029978,86.2593203781748,70.72757599581473,109.45831532381652,39.58831800645273,31.74257770518903,51.40542042781279,36.3880591397084,29.1081659599326,44.92741031379307,22.387999690869503,8.795713755691063,5.241749277356385
Concho,118,367,2812,176.9627480869776,159.45621554433427,196.28315052980807,36.99907120892757,33.23155844033935,40.83577877914366,79.60428359879788,72.38200044134979,86.70502878953094,59.9702703830799,52.06973205963667,68.21199579734383,27.40921949893221,23.876108936272264,31.15761818045933,9.822918298211045,9.037618783634406,8.44621049513873
Cooke,2679,8621,32482,319.04895700862966,243.8878880262496,406.8213566540255,146.30667159524978,109.50058111037048,184.934744954724,118.57460534986797,92.78735411874888,149.51438428090853,54.520262905544925,41.87338186080591,70.27420152952962,53.62417302236018,40.66874691229389,67.890195641358,34.689394902502215,11.86503356782449,7.06451857949373
Coryell,5354,15707,63817,318.07965482616373,242.36542539453143,433.48124941380246,156.93301512090758,117.52257398901573,220.91212918054697,107.76635498537482,83.37988086998557,140.7141637378174,53.94768059707539,41.07750047875037,71.95745559317382,53.87884571361343,41.24375226320719,74.26178948510746,36.27564499380483,10.726432887237705,6.896363113386279
Cottle,52,226,1016,93.02271924881148,84.52214545800057,103.13311565640674,18.031603599030625,16.546923517817923,19.832140714632043,48.88118016522702,44.89493881681071,53.68539325482361,26.091560199104787,23.04935569910499,30.171682357493115,14.2592807509741,12.56988490137325,16.183822235122097,4.8473525810955085,5.673933831982742,3.7639997526223774
Crockett,200,610,2048,103.57333364694604,90.9888562804128,119.48766588498076,38.63836869434894,34.12013062652955,43.43656500433673,46.79362473948624,40.6615481523588,54.45546880937251,18.04191558283337,15.45341099985922,21.5709149102102,17.68520979075622,15.401750963635411,20.74558113172093,10.021397328170028,5.1360770114991166,2.526753856306609
Crosby,300,1115,3502,158.40469296672893,136.21322016030828,184.91138145574968,52.86729374694211,46.12227376636373,60.48100349640163,78.08885356131356,66.42238948941457,91.96076618282684,26.999633316091924,22.72950530710813,32.8203457896556,25.32199700482679,21.274719649875667,30.278508912189007,13.388467874644183,8.248639928057614,3.680567865617992
Culberson,144,424,1628,130.70074689481297,115.69834655990262,146.13505982998046,38.52202851501531,34.938624684607056,42.85269115450341,65.6882006495594,58.275629230081776,74.18560722942459,26.242784448284525,22.42429967023344,30.68043973106941,21.27636320717331,18.75039918169573,24.392987275422325,10.203953478471668,7.368977948320316,3.707483088190741
Dallam,819,1868,4550,202.68234633735048,170.752168337766,243.54133386654567,108.11257089028987,91.27420089557027,130.55725890237298,72.6450158670161,59.431326676548,87.87406163638879,22.857148366377693,18.562602246592064,28.155057924240857,37.5864792654301,30.7901162854697,46.06146065255632,26.958607055097502,7.513742373285547,3.0809327082414915
Dallas,175055,538936,1892367,308.7029945859844,236.60865363774064,417.2269263311415,155.5688002627084,115.72184128610864,216.34081163153425,110.99274863237964,85.95567379748199,142.803339815934,44.56633138743573,33.782408814792234,58.74105084647454,52.58683442933376,38.45884959211647,69.7537639267962,35.71744010100786,10.968500890212802,5.717187286356106
Dawson,876,2409,8719,301.4334964764428,245.6031415695506,360.4431245025965,132.9481552135777,108.40240111630716,156.28935052011408,114.2799632744932,91.49127994495252,138.0154725853717,54.76041819704323,43.068218543122256,67.41758511882219,51.97146892845026,41.74611165215231,63.30910102978637,33.00184703872348,11.779284794873211,7.314952829449111
DeWitt,1117,3879,14933,180.57600771864145,139.26675102877476,242.1631287608592,77.25665509242805,60.04787782976432,102.80752100951555,71.37167940849092,56.56966249878797,95.86839377673915,32.430150801198394,25.2292138006584,44.45745179422876,30.48477905588056,23.27386659788018,39.75212714561285,18.699135924303413,7.41963750311385,4.3970795805476905
Deaf Smith,1635,4665,12047,177.8896264810029,142.16230476246093,220.20462540153136,88.65069127387383,69.63620226536136,110.83408695960348,70.35031419952642,56.685314956275086,86.3094456579312,19.58699879853341,15.276830011605789,24.064313449113595,31.373077067405447,24.43026126071366,40.06714149372052,21.56701335268976,7.232684892989617,2.637836342703776
Delta,365,1078,4077,133.96764800136287,111.58665884826088,159.72196337164118,57.18304147457605,47.91190640940164,66.16038440252545,51.36628223372059,42.95503540256095,61.10810311999842,25.546651883105024,20.7255743197925,31.293555714590926,23.424430399690262,19.767109370520355,27.81178845264392,14.440940690903286,5.539015950069996,3.5101160118964674
Denton,57654,199676,750373,594.8626410331071,445.61979085821696,817.2444329196887,281.78997994772936,207.91071238903552,388.2055661191381,209.3429152367358,161.20403000458683,273.3642985289844,103.29749620745407,77.78466340230251,136.71463829854466,95.80631212057122,70.77583300024386,130.6751652179403,63.17420711791101,20.063110485550588,12.877553312585528
Dickens,88,270,1353,112.01807029591431,101.20404169323548,122.209514440991,28.528509106404425,26.05251072359377,30.76065697938326,52.73356468658391,47.91515156083087,56.86597328278558,30.7702005395756,27.04331072639477,34.37882064460001,18.016282423559893,15.998630921572534,20.285381254483216,7.579054801918545,6.014389029139768,4.437450960641695
Dimmit,624,2013,5620,161.2041564236169,133.62031436677935,193.90149418852093,65.95389898572083,53.16168057757597,78.23343125846975,74.23542195120714,61.80688693186693,90.13421932700192,20.88135602781056,17.129813532351665,25.795844484477406,26.997499852187243,21.711454766060847,32.644123820637894,16.325373711871904,7.799259578622042,2.8052460922741345
Donley,158,681,2375,261.9815641750281,235.05088014012057,290.64508087663074,49.54155841181068,44.45659819447059,53.51710330849401,158.21162754550437,142.39882743428691,174.69245623727505,54.042002710034126,46.98403627512074,62.47450141038127,38.03305643910818,32.71504241075619,42.73981169676836,12.963168879526004,17.38805870231736,7.467332370647212
Duval,664,2092,6848,182.4738347855601,146.66465296038288,229.5028332106111,74.67446281682815,59.46349363716165,91.78505268629166,81.04329496636907,65.80812394284466,101.84724847712664,27.75963114282257,22.073163413947952,35.78459292907596,30.42901675256501,24.18037634144479,39.17428755770712,18.332737591208677,8.368522004833029,3.7321823111075783
Eastland,1058,3502,13477,427.7117131277949,333.7310837622456,534.1214321635808,148.32957123187637,119.7593296737982,179.88866034307046,201.8578859599035,157.23234633601132,254.35330739186372,78.02843567344956,58.92840138128837,100.51262811577368,66.52479997086999,52.372071591914406,82.70257796550543,36.23521856417467,20.25135885436295,10.127473892011157
Ector,14192,40797,109505,269.55236331594097,201.9443397404664,386.85287340398617,146.20188224294697,105.05405030012751,214.1172456138732,93.19703996961806,72.8891924582264,128.7894114212531,30.086579594516323,22.92168260129374,43.11850040831565,47.240017614724096,34.74175994191519,67.20902730293265,33.9347140796923,9.320033649748458,3.874137599572652
Edwards,84,241,1068,82.95093308514873,73.69149264751087,91.68230057641723,25.12450266664232,22.6490757602125,27.64973804830827,36.48533778100237,32.59994687204518,40.41936627163377,21.222693590990502,18.26752231259928,24.149940813928744,14.075383760517944,12.365395100126264,15.753134375945676,6.726233750421805,4.241599111482298,3.0741104063293294
El Paso,55654,193438,620788,271.4209672218282,210.60028192316648,366.0403158271678,127.41583431509346,95.09080103452692,176.26249358105335,107.09588118951002,86.03379567433412,136.6513754275472,38.015724639080304,29.54126669833721,49.77840480626473,44.94249721934816,34.25064030384027,61.11031848798223,29.312794559922395,10.511287612919396,4.942801509905991
Ellis,14372,50147,158310,346.2910433102411,256.0704013528969,474.3222810735182,163.3415424273096,115.55459301155814,232.76646731874345,131.12656601769973,98.02473764351564,171.96546270950816,51.19214373730056,38.04765959410376,69.00856828864688,56.742459602716494,41.31632009406524,78.29172965478998,37.40092352768005,12.61151382091098,6.486605370219721
Erath,2365,9966,31864,871.0875279580032,703.8587942335233,1093.554487185873,242.14610924851115,195.29352935064733,298.62714384349664,505.3351126752117,402.7804595392505,649.6183114115478,123.97909864822724,98.6055046768255,160.81132707535872,120.02083490126287,95.26868854326712,153.62296983685238,56.50949207086664,47.794010076636965,15.425239771305922
Falls,974,3066,13246,201.35180445151903,159.60917648665546,240.70485369293783,87.1700582125903,68.47823733003783,104.34376242528782,73.97417599782426,61.185737193969565,90.33107082261314,39.12308614025886,31.221577323365697,48.30153783982631,34.250486716369835,26.138345798470155,40.921135305241656,21.279776671383303,7.612708338183916,5.157390039652166
Fannin,1911,6890,28770,333.6354615854264,257.1329280809521,431.22638575748135,136.24757154701643,104.07763639795378,176.59044380036408,130.3724729695134,100.1773853831714,167.45398027835054,66.3585674179891,49.78434411517586,87.41223322727271,53.99906425213945,40.416147673166726,71.359911531673,32.549242760221624,12.986388799048855,8.651025466215984
Fayette,1295,4397,19782,209.87410197071196,164.03958871691194,264.7594680054198,86.69293269579477,68.38827984750715,110.5217016240212,80.87577537500462,63.53805170184906,102.28432204086084,41.518669152060575,31.702948826945363,53.69223531004528,34.919935316114646,27.25909647597523,45.082188643480514,21.111558918674252,8.341444994702556,5.535591573903085
Fisher,157,702,2753,168.35859422154064,141.86539981094114,191.3779761624928,37.73838538363511,33.229164083300624,42.23952483723655,93.64382757160551,78.86044949061113,106.99592627791208,36.58072749549473,29.713557031188216,43.04598925481277,24.95860353674041,20.995246678718477,29.022387579297487,9.783711231966372,10.148869429139635,5.043037844283356
Floyd,297,1148,3645,140.35630390036715,116.29564530284088,166.90304531417524,47.98641401284445,40.60481543320534,56.81305478193645,67.310240628828,55.19593445714029,80.75290759172826,24.62378653276687,19.72857747564047,30.224382496621008,22.775600022901592,18.442693420614457,27.175234599299387,12.190236760718667,7.1452235164804,3.3934299440382825
Foard,49,201,829,74.40960576547948,66.71864182461017,82.43230579612282,16.710196854727034,15.516876955625662,18.228973884955376,36.2864712605376,32.69705151706963,39.79431068839492,21.31586005913022,18.399628515537675,24.207697498679,11.929239281171723,10.4739613276256,13.338951114483338,4.515221029877763,4.263908151384208,3.1292061178679225
Fort Bend,53674,211437,651667,209.94924538030756,155.050181844286,276.9271658242646,95.92638883032105,67.82909070202022,127.05363156667896,83.96357840701049,64.46166199205493,106.9356173038849,30.61653047055958,22.79675398796997,39.47303284493992,34.54992381588594,25.55539520246109,45.66689722496278,22.052999047543484,8.482259711529846,4.011577614154312
Franklin,592,1984,8159,201.44829975390476,163.14819494775293,240.7449446505405,76.38952349832994,62.00565517363639,91.77765274225384,85.3734889761239,68.65850242091844,102.63193776110504,40.08551647481109,31.740583668539134,48.90389422291512,33.22402854493885,26.412299361696004,40.61956317472317,18.963436165015192,8.807579085617398,5.40998638648609
Freestone,1136,3903,15402,262.1849538098247,213.8793609373735,318.3709923621912,111.02610874328228,89.54731142749974,136.0263627692449,100.98295341126956,81.66638777514878,120.2555027245071,51.71484040982535,41.57709970599274,62.56196080338693,43.148218501560834,34.928876083552886,53.14038167944283,26.824411738342786,10.03314537311404,6.777091976089962
Frio,1150,4005,12832,205.76449021918077,169.962663433333,258.84656633051634,84.15465706312898,68.79905219718937,104.91698940039252,90.81987477757328,75.59864942662006,114.39941798895664,29.65415629015401,24.16486520168744,37.7889591659833,33.62311798849676,27.538776470607296,41.77653107105221,20.19641998618731,9.230770789686208,3.929342331990594
Gaines,2341,6500,13682,1329.0706128108554,1098.8921376299334,1636.788965952196,596.956571011591,509.10043185175215,693.0896377368284,530.6740405760034,422.4569737901032,675.6301280100649,206.6597027969333,162.67145526664294,270.2006422704963,224.36970141816747,183.06068936756952,278.63561168889606,148.6370903906675,51.19996097817288,25.893732816073125
Galveston,20512,73006,268226,310.4970971747653,237.29499089649025,417.1544944778103,142.64404900708283,105.55004707423964,198.9626654995048,117.70767224646792,91.19733955952964,157.7619534639403,51.32904773086774,39.36184952800093,69.50200254784343,50.91477088034222,38.29771256812673,69.51712642709583,32.60655698607511,11.471531012969876,6.649511353162312
Garza,219,811,3487,149.6488612447901,127.04243300902556,173.55094004941083,45.59189395241227,39.85846047012196,52.593738574706656,68.95034014010093,58.286956266757336,79.99079114313645,35.40427861618509,28.990581651805297,42.19043430241978,24.059836704490884,20.03400717964276,28.260445480302696,11.78918666976692,7.381168719862133,4.842873716346018
Gillespie,1303,4565,21865,373.83919204914,298.96454325277324,464.7333548763698,144.99093685678713,120.4024585430184,181.08784805456676,140.24420361344426,109.45068077205948,177.39386140910432,88.53761289935879,68.8220301036186,113.05493241118408,60.38020422391179,48.32223816015331,75.00415932207765,35.08927552637802,14.043225015931416,11.504666040529129
Glasscock,82,232,827,88.85256967367332,80.28979126820143,97.21237811982571,27.989605814510018,25.911889124763004,30.139819720804667,39.80688841209229,35.81312547666647,43.551353187753705,21.044431603985167,18.229632827672237,23.77356763586209,15.23879992729249,13.524269200701031,16.849787430034407,7.5284298687031,4.613990015207767,3.043280544373141
Goliad,327,1210,5607,165.2062010501682,136.14471894815253,195.5752336400285,54.58916685368108,46.803146342653086,63.24868192196931,69.72611890493974,57.39978939929883,83.86975095625655,40.43924752894873,32.29249566847572,49.320276362399454,27.016453804923977,21.770350280647516,32.17831530152637,13.933202229889703,7.448052737677498,5.509592317518296
Gonzales,1434,4368,14128,219.49549216886868,164.64111943953267,272.0196801373813,101.72690745230604,75.92205410677212,127.32536009698843,87.44028909561543,66.76254228955659,108.97270850981694,31.35621047131534,23.32224567329949,39.685121683953234,37.53917844445882,27.885232297615403,46.442818392150585,24.362358668932146,8.908154359014766,4.171362184762443
Gray,1247,4534,15135,219.5830573971629,176.23742374791647,278.5761643044431,94.03425145205652,73.20282088837227,119.63096693442417,89.4747513535039,72.36631429369484,113.90373954768955,36.11021005867072,28.757040207820435,46.83917808544727,36.331281154228925,27.97920225548758,46.765698570644986,22.44946404293505,9.12649985037747,4.80059681023449
Grayson,9186,29798,107923,355.7965212964522,266.7769410774216,483.7162215027466,170.0895672986178,126.356674651504,239.24106444452272,126.91384853643696,100.58045503641596,172.38950394473096,56.68596192021829,43.6702609635758,78.26722409626842,58.7171820161553,44.13526902147999,82.15512775355342,38.97956837644878,12.31766821090538,7.127425905918274
Gregg,8459,27616,90168,314.6159825858689,239.16345590436205,443.2706373602769,150.57063375484182,111.39254279674584,217.39580836735232,119.01457529718796,91.12919976004171,159.23727348678025,44.66509635232661,33.988324456849554,61.97674967119897,52.36859258032112,39.680125468049546,72.52919511935501,34.83766550706193,11.796689076752877,5.78497341379172
Grimes,2000,6089,24295,274.4932953276588,216.40099221620892,350.9951872437638,126.9502498270854,99.18392159130988,163.30454946762268,98.96919744244327,79.89126534673251,126.22226173962532,48.12971252406437,38.15652715520073,62.29821408250045,46.375521090456914,36.29518480864627,60.77110280566785,30.133240879175546,9.914760266301863,6.305035385155184
Guadalupe,10511,38993,138950,273.4969342513789,213.5294172259277,357.2596851670863,120.93303040201644,92.96592447686832,163.91176900623472,107.7229811312751,84.35322854664119,138.49679220191604,44.41028521555686,33.83093158964404,57.079329420782365,44.59139227065944,33.8501539896636,59.274753767741686,28.13580646508169,10.5512486070595,5.696738076775064
Hale,2029,7254,22478,230.64758267777063,182.61855406938372,294.29710158698657,97.7819759207162,75.31592029274755,126.14576769690429,100.57411378753122,80.67427819922507,129.50472473828552,32.2659540349144,25.72830165194101,42.53745451531209,37.38926803245049,29.705382689376133,48.59147794708493,23.14046182831178,10.114063304156954,4.24337469428332
Hall,141,536,2141,169.87187839147936,150.58710429202517,191.23330581995015,43.11844470889756,39.271654611861,47.18377591777717,81.88761709107735,73.00746326412846,91.87609703517654,45.3700767774678,39.09972678212851,52.29572609371915,26.71945448441047,23.689060793252807,30.271693065695253,11.357596397725231,9.010865053424984,6.294946865354716
Hamilton,431,1596,6592,152.09538603555535,124.74597150744476,188.4994244739225,56.78696290928119,46.71318517248676,69.04323950731566,62.74837891912314,50.65848311941727,77.37160164326949,32.79803519266041,26.324116174658226,42.01309335623496,25.17698255693592,20.50991523023136,31.8786095335542,14.193028325776911,6.624816392437201,4.495700557660781
Hansford,357,1274,3440,171.62966946690136,139.80044314719123,202.9018787336201,61.58784441002104,51.68336048344317,71.31650398375636,83.59220578244164,68.82096157173957,101.16968838655146,25.706969950454663,20.28506081846448,31.22731021880841,27.886218650982325,22.85508218367977,33.587030957157666,15.535047648738187,8.767819905112525,3.458375432844428
Hardeman,213,663,2614,143.57039269811986,125.789951680055,166.23746404919558,46.80507061462073,41.63567215710077,53.195727263533605,67.05154540413636,58.6956843456085,77.68156100986272,29.50767673995557,25.12142880979923,35.32508580931714,23.520342610930385,20.532476068458827,27.8951000091416,12.141242337615411,7.285371239271129,4.095111277871105
Hardin,3600,12198,42463,289.64935115236443,228.87450418193583,375.0103718860224,138.09062912921098,106.68150927086958,184.6299524444995,103.91551480786528,83.89591370795861,131.67358665283444,47.74904223177859,37.92635168161348,62.40194279326993,49.115821514264994,38.08137632596736,64.31620105305339,32.724395083187346,10.332235165521007,6.215986708749397
Harris,323835,1042746,3468544,291.797253703043,208.3496663427881,381.3373229109003,145.09335303517477,98.19916873146614,196.22360138368836,105.8551845573718,79.07727871247313,136.4525008379147,41.00065307058976,30.174190630269056,54.13958019735365,48.85820699019303,34.87852044645267,65.11285244896906,33.34032543588452,10.464124139952553,5.271918046003421
Harrison,4110,15119,51666,304.5170420726124,244.06680508817564,416.1769190083172,129.72184049441023,102.06843358080216,179.23568036048792,129.03835174463964,103.23858060630523,169.92692412558316,47.5646057241623,38.141452968996646,65.30603318502571,49.32347811795742,38.52915831194501,67.92827659432952,30.39837463275898,12.68965929770954,6.1380130297660696
Hartley,330,911,3904,193.6233301813421,166.59686726071868,227.02309390722425,73.20603929736535,64.26342072663941,82.5522628491332,76.20720690158109,65.2997595727831,90.18380778761826,44.310556103497404,37.16435971931962,54.641948976052966,33.225622006293435,28.210062109045136,39.576707916768605,18.83936782722804,8.239230054893016,6.14101740290756
Haskell,249,836,4300,170.12663449622144,147.07025907136753,199.57415311340603,52.46353419018891,45.99876165582118,59.73504260583669,72.01249656113643,61.90873474142404,84.68783440587754,45.54933461018224,38.36477412996209,55.00958081647598,27.694340864553293,23.631950256395264,32.089478208658115,13.554198292042583,7.74902643778667,6.294148827547973
Hays,16031,56323,208132,533.6672048196272,394.3535442097945,722.4811281726289,228.04944140707337,165.76194126009855,319.48206251444554,218.80234397800143,167.41546130142484,289.8375250311396,84.77945835145334,63.29643686419795,114.8591842491502,83.57629336819934,60.768110319535324,112.92275090517457,51.89186950920739,21.279570323339733,10.5516171043101
Hemphill,182,773,2234,148.24189080700643,126.75021619861,170.87807730772656,41.27631946874905,36.6614152300336,46.67526711464803,79.40286908931945,67.7332806364956,92.15790514294817,27.14907607554901,22.415870216202137,32.62858820159523,23.09150944868804,19.650951835165905,26.97256219501684,10.747790824494295,8.51003016538068,3.737845094058115
Henderson,4825,15568,65765,340.8608510445729,264.5894798366804,459.46595300044817,158.12065306670075,120.24535607513197,214.98494636120185,120.76284286390327,94.97402202698724,159.1785584642059,62.3058368893924,48.37155425857076,83.63444466873311,56.046671982488114,43.72445057698635,77.24958957554468,36.437875357386616,11.925324873614858,8.019668130014207
Hidalgo,68354,235487,594630,225.1863510221789,166.0356982374648,280.6806803956419,108.99402642653688,75.66567519483226,138.7783422612437,90.53946267686231,68.63674804346279,112.33782000777134,24.94604018870169,18.533056195047823,31.184712817599397,37.791169451940064,27.20919510097498,47.58203391488374,25.2678255058246,9.078832936799175,3.241354825047246
Hill,2199,7491,28411,290.2550007744758,225.917036351948,378.836381026914,129.98152110447478,97.92616463886472,169.90953689235386,110.09669276651152,86.88611972952333,142.9215662479755,51.27669487885541,39.59027903079376,68.10079557034258,48.27407488198652,36.040978371868526,63.612011456754544,30.48057155371327,10.97467449944066,6.648062480815929
Hockley,1458,4882,15120,258.1916082379606,198.03959426385373,315.9630265508982,111.33077033992672,85.04280270477243,138.2323540679507,109.42975188771646,83.62171256228781,132.42781387470413,37.64135618196696,28.35767436009964,47.10366340017687,42.322771105349005,32.21252222278883,53.496927791603696,26.45394913426952,10.933327830905784,4.936910037304342
Hood,3343,11695,52736,398.7129443993356,286.4708979256326,518.6293574225028,175.8455089894681,122.51630923817542,232.21221218925325,140.24363209281572,103.67753187882572,181.7421968351256,84.72482839508945,60.27875273803648,111.73677507620914,64.99983920123591,45.97083194679772,85.30330960736377,40.446586629227184,13.709098912221812,10.82959535877031
Hopkins,2375,7738,28059,253.8147319995764,187.58165178936613,329.6749853413933,116.59119757843528,84.20724598785962,153.51267463227737,95.3276873217095,73.78133853705555,121.06905828497004,41.1119968226826,30.69582779483266,53.45423333663561,42.787592313142966,31.609171909022365,55.34440159080136,27.72989360136834,9.47164849442466,5.375930971371924
Houston,1200,3739,17127,277.94275706436065,222.2357912992857,345.7429109213638,119.16618154912216,95.14898965202931,145.7487578405975,100.29196394616406,79.58642575222284,125.47456814050992,58.37969430471527,45.3087502538837,74.81687418069566,46.89156414248146,36.41923984304604,59.15912276252054,29.01381670829287,10.121047064783395,7.726216662145221
Howard,1786,6072,22696,258.3792487550111,206.1252938961836,331.5378179351941,110.44564027177944,86.53485601448178,139.3510896022644,105.8464335099514,83.09112816460811,132.52865324976537,43.6098639367268,33.96105057864912,56.192175503410766,42.46719695185975,33.420427583387124,54.74106623417094,26.0389136171564,10.532688376109125,5.636990046132464
Hudspeth,107,387,2957,192.89476352965585,169.51761477436327,216.1471713094162,34.22998010924002,30.95124849438508,38.06512556434542,90.66746479961728,80.45115444807378,99.23460588912376,68.44068858576307,57.65750001127027,78.3413024429261,28.98689584252329,25.27652507172437,32.352763321268576,9.0474031724601,10.188113776327723,9.694153547214068
Hunt,7283,24099,81965,336.8673348489769,251.2403528837297,432.0948158328697,157.2266420128342,115.80524056918853,204.60900479844807,129.13980027820196,100.28899825404348,164.69011808688168,49.63023290966082,37.75545741912906,64.4602776095157,55.16038623630418,41.02929407592266,72.19317168396431,35.77439699194548,12.653522877675616,6.406936250570342
Hutchinson,1142,4320,14571,254.3073559438912,201.3914794841832,323.47648753694097,102.12717997283782,79.39845968805248,128.79698517197946,109.76249752248214,85.82401113706496,139.51430502810263,43.875948434375616,34.04732946318797,57.632940260860266,41.45856929000011,31.683477412070115,52.79147249202615,24.59747350420208,10.884684680350103,5.714128950510766
Irion,95,295,1159,86.53832882346114,77.72418930015766,97.78758182439168,27.14495151263378,24.96569809196973,30.10029542873852,37.76740705014207,33.791463703840684,42.91704155954405,21.38453105137093,18.64017839253044,25.11630901463872,14.70066121626978,12.857279894605696,17.02425538025777,7.282941804191743,4.339651184758671,3.073160089278047
Jack,450,1719,6706,184.2252520226718,150.5246529658937,227.7044563974945,64.93843131164212,54.33634946641669,78.05535226488276,80.38595391485447,66.28304729189352,99.12715649099992,38.60304234848235,31.067885464870898,49.232465670065615,30.001977794705677,25.10616551563669,37.48773613576375,16.39686788254953,8.4017631603664,5.250142760477532
Jackson,1114,3153,10954,200.94735504518573,162.52914954684428,241.9123978369488,94.97084410069958,75.81717983932865,113.68093124982504,76.8017326542101,61.339683903675855,93.35954056534892,30.098226871354758,24.039097974552583,36.9517868836973,35.144832690269624,28.01866390467928,42.59385856326131,23.025933105525176,7.967933504292716,4.039734644922143
Jasper,1908,6457,24329,371.5000150422943,292.4816350518995,485.7562206759691,163.83636372288268,125.3547541721386,212.63358995388333,140.18525087665495,109.19929308287227,179.8010363737733,70.05650528382836,53.44200246174557,91.87969401019951,61.62000293401731,46.43485516392741,81.14735052713878,38.84346326346778,13.815103317730571,8.945285587183548
Jeff Davis,31,68,1757,101.6800494357901,93.98372104475985,108.9190724472078,13.283656511814314,12.397119067516504,14.006499055582216,15.602610848144948,14.737147227922328,16.367782138745667,72.7755505489767,66.59380957947653,78.6806583147058,16.779977402731838,14.907617989028031,18.326015367573703,3.6726007110601584,1.9935389605882865,11.09783887427754
Jefferson,16250,51381,183865,255.6308445663612,193.780260806458,342.600477007721,127.39881377499236,92.56725567597375,174.04875356137194,90.84309260846574,70.25619054011476,117.57765037052393,38.79163651616402,29.30325377588561,51.40142385610348,43.91450399431091,32.47998941034088,57.79769819363695,29.487183690832047,9.181191268646431,5.010442896770078
Jim Hogg,311,1207,3202,165.0629730562142,137.5317584004337,195.95669944750668,55.964603526191965,47.82101643072029,63.65805986213504,83.6540164809371,68.9026564866577,100.09509426400682,25.569280332684684,20.961907314028213,31.521519736790413,26.56979355063224,21.948218306328005,31.01129776877573,14.249564220759364,8.845891995780251,3.535506506201801
Jim Wells,2535,8982,27145,207.51531521723604,158.83623996350485,266.4387879437838,94.46195638639666,69.40024663675287,123.98294600443784,83.41511955126626,66.92436908256006,106.83078490515928,28.896212721694408,22.549451775231997,37.69695666635297,34.631922521844785,25.83378168081964,44.401700577473065,22.377343725399697,8.474800085921437,3.815625601518181
Johnson,12855,44340,145711,383.7010968075599,290.0282378931164,504.76772940768245,184.2991235568842,136.8142550762224,248.10906280628112,139.5209975408962,109.05432381491453,183.6597738121863,58.443819348453125,44.58146091656121,77.47850093559245,62.896676062596256,46.18235084646551,84.11369281276558,42.33007929892449,13.579471011225833,7.40353149324595
Jones,813,3087,16481,229.9501935326278,182.5019450398648,290.38790646461047,78.54283718309682,62.47363793966057,97.45875455123816,95.66933432169076,75.81761781676441,120.74356916046928,55.31337081918753,42.596504494963,71.0372551198792,36.25208543744439,28.972698448987607,46.72253504110825,19.160774647408925,9.882336513444988,7.293100433704348
Karnes,758,2597,11663,209.04558433436856,169.15452125905682,259.86499660347226,77.7312130545123,63.49019819983006,97.48868465702672,88.97181299068106,72.2304613138432,111.37818297864165,42.4075302876645,34.00015259314218,54.04519358932324,33.965776050819244,26.662121031789344,42.608912726657934,19.241256119285215,9.133149644043453,5.679120941660207
Kaufman,13619,44593,127478,278.5877793696544,208.3411863328956,369.3843654635438,141.99413204056776,104.3963863398242,191.747753634944,100.66226963475144,76.3389272706,131.7650576692218,36.2206887081453,27.0504438450666,48.49851948277224,47.77363596246111,34.87804032812347,64.45932879141196,32.45787155513956,10.03845464540418,4.631771594159613
Kendall,2384,9912,38241,416.3677570508461,317.7313793390503,543.5171219743169,163.28380015084392,124.36587036843216,212.41915702657923,168.67905851273122,131.17582911564844,219.5640528500594,85.25152876576206,65.09743633735204,113.62205842576468,65.69533899109035,48.43085876473232,86.00891945322516,38.21539904332738,16.348777442889165,10.924430974088695
Kenedy,10,52,281,31.30677212103164,29.17296977773972,33.28779219181754,4.702080349325895,4.438509794039508,5.005501212931117,15.090056333316632,14.345023131218454,15.712338640862486,11.512248506121306,10.383970777743352,12.639835518272406,5.02739524339507,4.542188316773667,5.507206947082831,1.3093821212860894,1.9461309522479933,1.7735564895084115
Kent,43,145,546,98.99482008485144,92.57929200441892,105.6199666069476,20.129338267913383,18.77441503050433,21.490290300160883,49.81013268236039,47.10462712653784,52.317307608167496,29.081662010977738,26.16674840942025,32.175980597852174,15.770697758434196,14.370995432111505,17.400806407984422,5.503518742995821,5.971502606591061,4.317450025573376
Kerr,2453,8745,42717,442.0801127607985,337.4564968533228,569.2970599113077,172.5228722122634,132.94295288830838,220.3941453774826,171.38273465704748,132.19748509996785,218.79436395255937,98.24143309849694,72.9528958154755,127.64542899747497,70.02165200667861,51.65621225620988,89.93564756233896,40.65197105497994,16.712462107774087,12.437471107424235
Kimble,228,668,3546,143.93499365733766,124.71340243465346,166.3281015068115,48.30132981153113,43.0092425682679,55.1748811811132,58.71115160257592,50.64334164526989,68.00444325410614,37.21061727682997,31.373880017221506,44.63067941431496,24.09063897939004,20.291754275615776,27.98281113902717,12.540338695880097,6.384517972311832,5.170090793125386
King,10,42,165,26.606968328764395,24.94379155219143,28.02281288132405,4.837103617927784,4.576281742564695,5.124792408972464,11.35380702097412,10.87162464775282,11.7272094282653,10.401660733425503,9.483774858160626,11.148815482868285,4.448578793199662,4.051669545673192,4.789015730692542,1.3415612640010577,1.500728801658821,1.602921699592823
Kinney,138,507,2503,151.400856318647,131.72039440051338,171.0321093551831,36.41650425924676,32.85675898051373,40.71068572132219,75.21906647338633,65.12124346519536,84.52431580220012,39.40246770098358,33.5429745807129,45.91369842781588,23.383271872168372,20.163755057503703,26.600796357271307,9.533163185258786,8.217570090621681,5.548828588553107
Kleberg,1915,6850,21304,407.5654217105674,325.6104940183197,503.89975980020006,146.2347506656898,115.34366908189796,180.63983719704936,206.8470740376144,161.84784313600636,255.1639568556278,55.0684772480372,42.77827353727446,69.08351586124854,61.68636234056362,48.971362127100384,77.90927920718289,34.53267968074377,20.15275940346003,7.014071250326485
Knox,208,765,2329,100.10083551180456,82.25883977901383,115.9860427704328,36.92955199691434,31.162155869029466,41.50764546233,45.69309067893208,37.801838530317774,53.26477905237601,17.550602640120367,14.055020260300774,20.8643371027844,16.97806970599285,14.15481200570506,19.90139839392764,9.569918127138394,4.930405635327244,2.451660287619976
La Salle,331,1082,5124,246.47162129275995,215.86721253053184,295.5259273084084,67.37833816563301,60.35951258866727,77.80158420074328,127.85086310906942,110.58213434898036,152.92326157717238,51.57997254861377,43.5815907101281,64.39164656084698,37.64143431165566,31.81798215526686,45.199758932943546,17.09139806297646,13.460886380198158,6.974313218325959
Lamar,3413,10378,37336,249.32081462411443,192.966778312151,350.6998017917454,121.57263062672166,92.82099098178485,167.7055655784278,89.99360409654889,70.93020102474335,125.44066754145028,38.5576718767363,30.15894814453299,55.726996408961085,42.87077559157942,33.1847939787132,60.09192757467739,28.5999643981074,9.102359817425128,5.074420671125557
Lamb,816,2989,8906,170.6991314428409,136.4310633761626,209.10810308239252,70.25654828279067,55.583999526657855,85.24171225834866,76.03084155177817,59.60528877675306,93.15953122719098,25.13067505324901,19.614967160966355,31.333241174758285,28.276028285995046,22.490756524095204,34.63114149138309,16.973646601641132,7.852001477512662,3.358395810434136
Lampasas,1120,4293,17849,330.0453807678512,258.46205922266387,420.0644145571368,124.16837913270952,97.8243241970874,153.5612858105111,132.26973166543362,103.26940262651884,171.59832815036685,72.38443833973793,55.72090768964123,95.1691683279083,52.89312205161399,41.32799346656034,68.41388929841678,30.13423538008235,13.26562977299173,9.431193167996671
Lavaca,1252,4041,15278,255.25381916889268,205.93781466580535,320.3303179202102,109.68743789837715,88.48586046486574,137.5459421256019,99.68200669367305,81.05475197179696,126.5672599531704,44.87482904478021,36.098093590703286,58.07765994385465,42.47099509128884,34.676303932333404,55.09650956621558,26.479132911050723,10.042786666460676,5.8858433255173725
Lee,1015,3272,13953,265.9663609753184,209.8762494334652,328.03030612145943,103.89276660878411,81.42300521842462,126.02065307435905,110.82766295290838,89.37727083765503,141.06558332179142,50.55635710219961,39.87406903060522,64.83350303214826,43.27210621781991,34.41683192169618,54.50894844704887,25.236563209577994,11.21676517866203,6.744168836393085
Leon,957,3193,12388,200.0203445622768,161.2170124542551,252.81137567140087,85.9914602025604,69.59608363201383,107.8404807269421,77.67090104123861,62.208268618635344,99.5696183297557,37.03688700737521,29.118799812912737,48.78378801905024,33.71402684373321,26.465858364656068,42.80801077518337,20.80746364171709,7.98767699269337,4.9141477600555294
Liberty,8129,27727,72416,207.4852534528057,154.55961181669622,271.0118758536097,104.3122087459276,76.28029024889607,142.1047284924737,79.03458727188587,58.150264895216885,101.450361480923,25.17090814876675,18.26765499719981,32.72130293350718,35.5074900689112,26.03656612853637,47.85894701837378,24.03365145544973,7.987376894287726,3.2902691813797875
Limestone,1255,4248,16747,206.71702017075395,166.42102972617167,262.35441321038047,88.89238969461672,69.47926087585934,115.98931472030576,81.04872298542975,65.4213826556691,100.0363464927614,37.25784882776651,29.293333443298646,47.33716888328795,34.48166516807049,26.68517161602458,44.02091580251136,21.448876702304204,8.231102743680239,4.862862229239667
Lipscomb,173,634,2099,138.60852164302344,119.3446148742885,157.95314000865173,41.84241154617814,36.79557372952012,47.028946765273936,68.51055659477129,58.88023775002266,78.07117933821515,28.11412454337563,23.32349535996505,32.94482890205414,22.25784634770077,19.01989571238508,25.690000658420995,10.90649563038652,7.471477606592921,3.881430559510871
Live Oak,541,1845,9198,167.32731804126377,143.84520341550402,200.95747627148177,63.23950258185833,53.597341492035405,75.02350450901606,65.23144605298305,55.8368596739998,78.96258749523199,38.73263204200511,32.32743696542653,47.52229584428527,28.05215588890686,24.123617500272523,33.65076595620302,15.752260640380737,6.889439668387171,5.226149172335315
Llano,984,2899,18992,314.0954653840672,255.17100966388932,379.4886036558397,120.53450087750252,98.7582177450763,142.71355141121776,105.97869251261224,86.59387107929227,129.887851526208,87.58653275787705,70.09192768947081,108.36098398838304,51.81995696596408,42.17182205499737,64.21818950513924,29.477937293314568,10.80945812815452,11.59675854853068
Lubbock,19829,68894,232217,518.6381443575042,372.1129060707629,683.5599159241673,222.70859707801057,152.29533691345176,304.2059502702233,224.817080629153,164.99315248845014,291.6180557920757,72.900897465892,53.67946419609367,95.63976131507344,81.29452377353212,56.98974590692018,106.4417236002473,50.45597985540759,21.595509712014263,9.34117565771722
Lynn,381,1369,4011,170.9696689608893,139.199140938513,204.72372323218715,65.22504377737278,54.33573378484475,78.29926184536146,75.12401767266917,60.01433675183211,89.39722642207435,30.336081958213555,23.774614353735064,37.01081619759712,28.48711599032932,22.827112738104017,34.72683234044096,16.56224047944194,7.795049282527003,4.090971209409891
Madison,920,2508,10314,208.31050372301067,170.03565740351908,256.7127227133618,91.2106389948848,72.7776523327486,109.76273263854014,82.40455448983217,68.19317337075661,102.65308338049245,35.43822552095163,28.84328669501658,44.93003619804794,35.665641907996054,28.492011583034643,44.019531867752335,22.315029191358875,8.59220901716978,4.717574311356885
Marion,411,1493,7667,163.20664941794635,135.64518877932767,195.7470414197452,55.74117630960335,47.62419619892683,66.12143234209326,67.78713581192576,55.46400938889568,82.05544108066582,39.62997318435319,32.18220145192788,49.07747469406723,26.51555395399069,21.685677443259618,32.28371091442261,13.925814163247992,7.130198859393999,5.4009004610971125
Martin,350,1443,3423,163.29008190538417,135.66768182433947,198.56965173804744,60.22369532654009,50.595637779137896,70.82574896387518,76.93616353251645,63.49267457895381,95.70517092942524,25.242321669435377,20.17358402045369,32.28718392274423,26.91663821653942,21.85502239739813,33.096258929699204,15.22929760714466,8.14568888344865,3.420110190114777
Mason,165,653,3113,181.58659371283017,159.341212389171,209.86116589821432,44.68393353701491,40.33451482981481,49.96138787882739,84.40193890136575,72.91581525808719,97.40624933224822,52.47574007673951,44.639176224582855,62.70722159766666,28.260693306602008,24.294655162127608,32.85458447848728,11.786213796451104,9.192005112349374,7.331307746937044
Matagorda,2636,7705,26018,234.14483738917505,173.7460185164227,298.7767051877139,116.49645920915935,84.75823997369172,152.1650337380281,82.93002815680003,64.09312048619957,105.55681176064266,33.25906677569617,25.1125632317234,43.618676244614576,40.53888655103154,30.00695602011364,51.43919617347648,27.823539968120656,8.431683776293704,4.384867725994689
Maverick,4886,14786,38090,211.13652370593095,161.4200983975839,279.9024006849943,105.83963272382184,79.99692978090857,144.2542663921725,81.64604571891566,65.33084463156777,106.32102154918026,22.72172848543643,17.824519378775467,29.900864597099883,36.51402437369427,27.637451301576007,49.05983383955815,24.88109022263213,8.297056575631341,3.001952646966613
McCulloch,362,1350,5740,184.28125937416692,145.3636482755789,221.49645320099256,62.318792689902345,50.898294569380255,72.31647448687163,78.33375130080884,61.94568257626796,94.5098886705126,43.232879695144135,32.92158315565916,52.81516406762456,30.00412902340584,23.67030172681445,35.509936398540354,15.861765439505712,8.279613973008955,5.876712715200134
McLennan,17117,58112,193354,456.0867765281879,314.5671194241321,619.3825748630004,197.4742784962104,132.79713556045712,275.97532005049953,196.70338392368043,140.49796287128106,258.5773770326954,62.28436086373847,43.789880906192,83.88920392795177,70.69791279178386,49.47884670698416,99.580171983377,44.50605584786729,18.52443625948945,7.924227738767348
McMullen,27,113,428,70.24905856349865,65.67595422579816,75.71305182359673,12.326328298285132,11.50215951085818,13.236624193862855,38.21797117256374,36.33536019338496,40.2200654406609,19.73301874009978,17.767451744634908,22.12151283233732,10.993850803654912,9.95180629725142,12.121748642533,3.3581720572295675,4.699120291848985,2.951402502123031
Medina,3043,10799,40955,276.1933159715244,212.54178784371015,356.4520783904684,116.57385042859693,88.33050189414867,151.25743877024374,112.71043897470784,87.75014732702475,143.28945921732264,45.83049466665868,35.741484258280515,59.392000418029895,44.88355502181324,34.09677465459172,57.82663421759635,27.75709240123176,11.190014428917566,5.968880391528062
Menard,84,319,1555,86.7983822310963,74.05593023698356,97.9241479507506,22.750635033586786,20.111301178425634,24.865299032750173,40.37255817888,34.92533206960234,45.53614979766586,23.85570052887831,19.80730124496158,27.56410881617787,14.081012193962213,11.842152930683756,15.798084217905023,6.04499102902149,4.615184452393798,3.438054321853779
Midland,14732,41463,120913,255.83150513756604,202.094036408107,335.455215851571,141.98357234168935,108.311798832691,191.0988927179636,83.78399858800476,66.19428952585152,106.0220103589473,31.238346492557,24.37842878663275,40.389832151481606,45.38532427055087,34.2953185105814,62.83689828698255,33.000579911035906,8.364624352851276,4.043453704798292
Milam,1468,5044,19439,250.41528120046627,194.70256246674663,307.41950911433406,106.39861353105807,81.36387045177146,128.51492023183746,99.81048486462396,77.68831921171666,123.1564863904904,44.48009277474966,34.051439095914944,55.93648646292383,41.71184396134944,32.39655676903822,51.8585211866718,25.46661677691167,10.042449115092928,5.860852630622781
Mills,203,807,3538,140.9502272409647,122.6745117337488,164.04220649862512,41.825917902316384,36.628371273252,47.784872012327455,64.0649745413865,54.72507258954135,74.73170429102369,35.37565606641504,29.90461901089356,42.26648068511879,22.55858316262691,19.182518628331696,26.336785797808098,10.76376718265207,6.911519853077024,4.896480709500482
Mitchell,409,1621,7045,175.4615111200978,146.040299528186,211.5144635694158,57.41421291745023,48.50521883597804,67.92420821528015,79.17288830388902,65.7019608538106,93.88145985880628,38.512637728879525,31.408041521622803,47.28460333500041,28.07680472236997,22.868044043253068,33.70395476323011,14.450603900342616,8.30595054274697,5.2101263089737895
Montague,1150,4190,16258,390.65538994190354,311.7178856384529,474.67083181235006,154.48134686581528,125.19587722337587,185.82189537847816,151.16370470687576,119.62260996704498,188.80244796154983,85.4282258263732,66.99010616241102,107.7574627569559,64.0899475584385,50.22175686976625,79.57506646256604,37.64999107348179,15.106837828699923,11.234934698597112
Montgomery,44855,155685,510814,348.77741715850505,269.62897424891486,466.435289804669,172.2367376210941,125.2664801103723,237.13794136175943,123.8466363065347,98.7423906277577,166.74438998545935,52.29014877512935,40.72315007583459,71.13096792946352,57.85299049180507,43.70706413456677,78.8816186061236,38.486515777028586,12.11647278781253,6.782060917969593
Moore,1964,5365,13861,198.9460516552564,156.8273759910445,254.8639332949917,104.06605832128398,81.73941757542231,133.84432795509946,72.49920426956535,57.35781415016629,90.96012481209328,21.681984775640288,16.807284372996392,27.70141425743504,35.30141835164807,27.135766221066444,46.458233863367816,24.97429444240959,7.471287799871842,2.8975963018804616
Morris,640,2367,9059,165.96614238210088,127.6654554618906,205.5044249591267,64.35761309041254,49.44501278329506,78.36666200258831,70.51938161126263,55.4048067257447,86.23745938174909,31.300597544903415,23.97548180394848,39.60082778937371,27.365178906791694,20.848400849881298,34.07677742184414,15.715995944131777,7.285355618041315,4.202962036399122
Motley,54,168,798,97.97855124920434,90.95754513358948,105.18891777409294,22.489798151626083,21.054127825504843,24.01205683219309,44.36814588112028,41.508467469699966,47.07189491217875,31.10529314166001,27.906112001661526,34.267235698183896,15.962125746853946,14.48165317787008,17.592485133547754,6.111818738596635,5.264377807193473,4.566566182169697
Nacogdoches,4145,14849,46381,556.5791444769795,438.93016708604455,761.6866436417591,206.29806195869776,160.00923487592195,279.94550305341204,276.5708647828708,218.59956004942825,380.9064633461848,72.58597625425375,56.69126754507224,100.71543341424729,83.81739665005806,63.72929274316431,112.18507673474468,47.420417807363535,26.602414790836995,9.215387183147104
Navarro,3720,12921,38994,255.51603758282388,192.20822226215563,329.0917363595364,115.36401165526902,83.10063424609847,150.7703080398619,105.56266273528324,81.63121234054215,134.53825975965057,34.758653072537626,26.80019978003045,45.43498981479529,42.20685069428424,32.10823654096571,54.95533548795163,27.13795738796633,10.466607910920384,4.530708083837259
Newton,591,2004,9444,270.68572679918816,225.82076465207916,317.84998042201164,97.49342617391824,83.39946665259724,112.82395850861802,105.7238106563558,86.92139560506115,124.3047403371228,67.5532606160688,54.83693402528377,81.07833632296348,44.28058987641855,37.07087748434402,51.78988751314035,24.40264963470567,10.804552172765831,8.972907733735436
Nolan,889,3090,10327,213.8303312603641,170.1939049430596,269.29151710769315,86.03956901518058,67.05416986102611,106.46739906531502,93.84309754656356,75.53676215243343,118.86999751993682,34.46767099718386,27.04227032169828,44.548712680631326,35.257522937022856,27.68987194586952,45.1002380546135,20.92978504390553,9.57169396640372,4.599047908169292
Nueces,21586,71312,259391,283.7478498718755,210.03689495446764,371.0912832416399,131.95178567958408,93.69510490028568,178.73139268046992,109.61006580040151,81.74629464567586,140.71497617595952,43.06710549915424,31.744793851379896,55.638977327744186,47.012964050538045,33.8977096828378,62.5153533503244,30.670501150322995,10.883260722372386,5.565680835459872
Ochiltree,746,2497,6461,209.5979496322583,175.1956689395816,249.69108003535672,87.00414892076812,71.96894240579853,101.38506705441765,95.00455782803876,78.90284476678534,115.5915207267805,27.351069811937013,22.434186503822648,33.73016642139218,34.993017743450615,28.34668779652973,42.2369700775,21.45858676822491,9.819891786917315,3.647939638694342
Oldham,82,330,1371,112.44876034124924,100.2714430165296,124.59196465222192,27.12108105649609,24.717553451058365,29.604414666213312,51.013656609040666,45.2874349827792,56.6972911843191,34.15920484248504,29.32885070417636,39.12735128346738,18.02904940080457,15.77675863631146,20.370801377377056,7.266502979829927,5.8191171270606,4.888099227462147
Orange,5556,18267,61899,354.69082064626286,270.37348632684456,478.9235926540372,174.23357253155157,130.87110018893293,241.3702811852036,122.91955801178533,93.79999171410752,164.1431237754998,56.98992132128596,43.01102171707835,76.45460400858431,60.11320180709117,44.926581866153256,79.87885529992933,40.378911921069445,12.215803794174212,7.278490091534671
Palo Pinto,1780,5761,22206,286.94221925905504,218.02417109943917,361.56017932564725,129.8130328796073,100.0659849520753,161.744282369228,105.9788724052992,83.14230174902039,132.07203759526124,51.55826707395538,39.47245981241282,65.58140926194683,48.16634040624126,36.32824990327104,60.65589920279353,30.770881416620725,10.656992493206808,6.692148145080525
Panola,1329,4554,16955,270.05902141539457,217.06066968905563,348.81379227778774,111.81801638518562,89.59479669806677,143.9410399882035,110.93586161215428,90.32375902820004,143.3247249020951,47.90125979902135,38.19721285862506,62.999314931373,44.39677811256959,35.38936209225378,56.579048524477095,26.939454353771733,11.247983077305854,6.267603040657162
Parker,10164,36164,127166,400.9053509821317,299.4527440847408,563.7045762604289,192.025692552354,142.25701235185048,272.7662288739238,140.12150934400864,107.42685148015516,195.5483480750579,67.53854982138631,51.67711280435504,95.71794602742769,66.48120247242046,49.73246814196575,92.84067922957388,44.19024729231639,13.638772107531992,8.67341404588312
Parmer,697,2260,6660,192.57421053775948,154.562050155395,231.3122077762922,81.63658002252637,65.66327707702544,96.5094313228066,82.91655378471944,66.31526338905404,99.9826966283952,28.485972620498675,22.21705208632121,34.78993249772747,32.61473203114115,26.077569158191952,39.582981379312045,20.26112417469765,8.625268894911565,3.8427453532086697
Pecos,920,3079,10624,245.57039515655853,199.0615732349839,300.2299370816897,102.98490924801136,83.13609431810396,124.54385875030924,100.07313798451165,80.8662905125322,123.45244008782504,42.9539122662553,34.1369024648109,54.05830870833124,41.14269810372937,32.25567720268321,50.44766846564547,25.196671913686178,10.23181167586321,5.684633983938088
Polk,2734,9360,42092,226.1897847428044,177.9345616102636,296.4288151878104,100.63236568610532,78.0154982618522,134.55934547145785,81.2689980105973,64.67736617493748,105.8764922721154,44.47440456177837,34.81613289844025,58.766940410345256,37.80971557275849,29.319355485495866,49.73953643764635,23.75806881052861,8.18365386791978,5.829841776917226
Potter,7874,25596,81177,263.4775648098438,201.19603591154035,346.9883744580648,129.69004285991423,98.58906338184752,174.91734980560423,97.61376458088212,75.35916911743554,122.6513834707294,36.70279799593477,28.05381449176848,47.95369235483137,43.96265374980142,33.5175081427624,58.5737184888974,29.82551525419902,9.655856415023829,4.731377443094194
Presidio,403,1332,4060,148.06159581457803,123.91549551358474,176.98772647110115,58.680607977515024,48.63016275098384,69.47348234234695,66.14024318783017,55.00529876381136,78.5581205665404,23.2092523093634,19.07402972474565,28.188593479652383,24.986733954374078,20.437973367992495,29.878785143534117,14.91090057656163,6.9501453226856125,3.183371885737394
Rains,626,2176,10184,400.2734556762129,335.69742617291814,480.85592280031983,122.76195324061548,103.25229339726502,142.31379264366134,179.00283575921134,146.6382184708044,215.24033997343,98.11673964402378,78.6335151065436,122.25880718606015,62.0446252794963,51.00423714958239,75.74293334112868,30.792617158260327,18.25433047294357,12.938831771299576
Randall,8875,30716,108664,418.38385431634106,324.5265517921578,567.0780760390556,192.74435218009577,137.44836658647046,260.1401976470407,163.1383614017538,127.70360516383477,214.98286021532047,66.7958936432532,51.43749983510173,90.46612454957862,67.77753596130836,50.59379265779014,92.92976369994844,43.935130520326965,15.82138126324872,8.47444629775828
Reagan,235,740,2166,105.97562761831556,89.63900851117792,121.42034988139856,40.95550886693758,35.338911465755025,46.813808044173,48.90988331207387,41.23668181806016,56.86568651012934,15.941948493260089,13.063520751003164,18.85108869734754,18.18090102130888,15.124373659075262,21.42493577955543,10.615027486898652,5.323605603153199,2.235002524187608
Red River,632,1976,9070,189.79425108130368,153.36062997039704,226.99639251025604,79.19652444948102,64.48797439536055,93.52120241767736,69.52415114078777,54.64759943530548,83.24664264935106,41.61366483261694,32.5475072771583,51.24754755515193,32.47721577060638,25.525936046621048,38.99030620525205,19.69310795389525,7.214181985600293,5.610392479203057
Reeves,874,2710,8186,177.63829637416546,138.89516794901846,222.30999756200944,81.13665405470098,62.66438137653697,100.5472170697768,71.4767449916503,57.13649975039754,90.2293611131004,25.38579104168693,19.57097252477844,32.39571812468477,30.710661028843568,23.59832058754096,38.84288619426686,19.88467047297726,7.452606428281823,3.433531883201261
Refugio,290,1341,5035,176.77698488609576,143.78704781173883,211.65560628296143,51.08965526720123,42.7924108301628,59.73104280384219,86.39511551221267,69.93408444615689,103.96835754358426,39.190469225508565,30.756229631934463,48.48974907323736,27.28295884307973,22.659005600778546,33.01644434508794,12.906965225337448,8.961301377208422,5.284807186889104
Roberts,54,169,617,49.57405542489256,44.64856567099414,54.094810536738485,15.432310580918829,13.960208826591584,16.87141196168179,23.54345596052281,20.99817235188751,25.639429973878038,10.64655199539984,9.236664939895189,11.894241722330674,8.464043525250819,7.547580118443764,9.637504311407106,4.136652200832743,2.791677522948868,1.5578901334454751
Robertson,1099,3425,12743,189.41460526255813,155.7315682116343,241.54131279670688,84.70188335920776,66.41472073733779,107.98435159670912,72.83694332488761,61.184526928991644,91.17011457210016,31.478373552587712,25.88011580238605,40.24238300744693,32.45693635904349,26.01386050628215,41.25249093213641,20.64960200312189,7.568700617747453,4.180279632010027
Rockwall,7887,30080,93340,386.8729518125168,298.73405215704395,536.9415234351266,181.1866788947961,135.76652318519055,257.2343629368302,145.45718605214762,115.29787455165967,195.50783586359495,60.5059660329988,47.03887928589917,83.88833030388872,63.39149183679631,47.291081826483534,87.89892561789496,41.21733014094852,14.169079250872024,7.798816429907276
Runnels,604,1950,7314,184.7773627073282,150.65852815861868,218.84434354358123,75.8636418727481,60.75904910962671,89.33858679183673,76.06896044098505,61.70086066525443,91.3156342341725,34.01013568686098,27.182453263780967,41.3112095528522,31.26927775876449,25.15795570516965,37.73235190123597,18.87246299079375,7.925934623042451,4.585270709118106
Rusk,2818,10395,39866,257.38473553822547,200.0657516606638,335.6605997834672,110.88660391966924,84.51681597918034,146.82684901826892,99.74301200446467,78.5649360990081,131.1075684410954,46.1567566944813,35.9091134190147,60.956231375348494,41.85275979531609,31.791437606799263,56.06972167897734,25.978557746493117,9.958804714987092,6.012643885682268
Sabine,530,1453,8123,231.89688682382825,193.66913489480197,270.5487242371315,89.18999034958419,75.23399678946237,102.72431603550298,83.84230397964868,68.87108765341502,99.40359118700786,58.47696978588252,46.75656079591173,70.11624821219002,39.34357328647583,31.730375830260314,46.0419573518803,22.36383089120616,8.766688989257446,7.881928746306019
San Augustine,415,1319,6099,187.9090754698052,159.3784718080903,226.17986149428435,71.07745145599607,60.92356906417944,84.33927167879692,71.89511274437956,61.27186950032218,86.41576776014222,44.66543978297363,37.28748032820885,55.05513020284805,31.753049592171607,26.6244731896899,38.43132450221503,18.02128866041665,7.541608651135787,6.022286302313562
San Jacinto,1491,5284,22161,250.6236359275598,194.25740603308077,312.29342201528,105.21466469075156,79.86209067245397,129.83716577916434,97.2836344274761,76.60379953828904,120.97128605125224,49.35355695069916,37.68362882354126,61.963041204501856,41.13222828780576,31.07190000383436,52.83320187215375,25.071595500338876,9.787083473787252,6.413274260549995
San Patricio,4640,15368,50652,231.7403392777984,181.37270955667017,304.29852093513324,109.9200984375518,83.19232147352518,142.42671121977267,89.63699881501822,70.50836032615359,119.30788395084558,33.322399143465404,26.2052043989367,44.97266466002734,39.52547145755734,30.21287871101714,52.85435058154981,26.115768442037293,9.096781541001157,4.369419162358781
San Saba,263,975,4607,163.2584258053688,137.81240279166283,190.901977840198,50.34413215913182,43.03514450026575,58.19425782744715,72.29302829470987,60.884426805441926,85.16296282796127,41.00933860621565,34.06443612140401,49.22318758821586,26.18247044848268,22.164210494974476,31.09121181541777,12.868730018884722,7.729751350742548,5.625349042239318
Schleicher,152,486,1753,136.8750777954818,121.48499635686116,153.26916486942184,38.20382890877013,34.54148561170544,42.34120034132283,73.75300814742977,65.02377640045668,82.27517090271449,24.956264089182195,21.368680833968373,28.71030516279166,21.654836759135573,18.844834131928565,24.4746174165395,9.998008400176223,8.110796489344843,3.495987226284186
Scurry,1033,3690,11489,202.10271247171988,156.47017909226557,259.5705871888615,82.41106081779836,63.26585568036735,106.57972499180768,91.04130137806712,70.4734432969381,115.86389911104531,30.085893266193462,22.486631111298927,38.9076448074257,33.105052958620064,25.280838878737544,43.43433030246732,19.868245832042295,9.292505381360511,3.96387454470538
Shackelford,177,645,2407,207.5394700221538,181.5061348541692,235.39313414291152,54.81989875766631,50.420003905340096,60.21447521863578,99.0387014174534,86.16258884154212,112.44389657242807,53.55638624532952,45.5501385745502,63.07612453235408,32.55983678622594,28.67296338671056,37.36136746584332,14.446895207656958,10.724471297051966,7.377526030004165
Shelby,1709,5258,17212,233.43965031477808,182.89504690632955,290.6412662963645,110.14893531110512,84.87124114336135,138.49654478184294,88.78977106409548,69.80319066436958,110.1159049713281,34.480240847715194,26.63457013187286,44.4199448301643,39.87783925194579,30.857106500523116,51.6218108380655,26.323325148805917,8.959724701483058,4.528282843220327
Sherman,194,612,1872,135.21612761985813,118.24254511558308,152.11470330942385,46.00482110132138,40.71318796701855,51.67208055209274,64.87170904265886,56.29454050157087,73.662315917961,24.28957067378431,20.525993739429104,28.310428663785203,22.52465045321892,19.38491100530105,26.45096993919808,12.0485988616071,7.095318289930061,3.3577288722123626
Smith,15134,50755,179320,396.3842322802947,311.5987631517706,513.0058914619188,186.8837195804097,143.24496482275697,244.78348493199348,147.63768909613503,119.92398310218924,188.87615317715384,61.45709955568911,48.21796681058135,80.53281346607864,64.56321462810729,50.59870391256141,87.45250385155973,42.31685804521773,14.361126847620111,7.847566312153784
Somervell,506,1830,7552,248.19103681329003,199.38856148598617,297.4476388984634,86.55608015539525,72.05158893970871,101.97766099934417,103.39241152316048,82.89772773056494,125.99382988971064,57.17714169516334,44.86512890908397,70.94973218983587,40.24782828475827,32.21124830667227,48.9138151004091,21.80123133955579,10.727416183737338,7.64114337530666
Starr,5542,17928,42464,184.14856409309112,145.8038441722535,244.1134749613306,92.22685826900484,69.95231895164135,126.49465007743616,73.18539629448074,57.75478263379934,95.32051736642136,19.07771553819317,14.759704676450196,25.206597967553368,31.34830443417779,25.002121131361825,42.28769566732565,21.425982138325367,7.369765637464492,2.491593140918512
Stephens,475,1715,7153,318.0381537093001,268.5389340214071,374.2405527303862,97.72913729889676,85.63598618580238,112.32781107400989,146.18575352068342,122.24712930954549,173.7137445536479,74.42535240381355,60.86962167482195,90.53958327122648,49.798382896183966,41.80064623546188,59.56831554264122,24.718720689105005,15.104222905412222,10.011948967626155
Sterling,136,322,939,134.1247699225829,122.18564837640572,147.74678558284128,47.5088193372303,43.41259585544472,51.7405173417573,60.52321785179375,54.98295565982357,66.78325502620284,25.991518818489123,22.855405125597084,30.04069057390619,23.426307821420743,21.001990932092404,26.56730131443914,12.8069410462441,6.889046440284549,3.744214870918288
Sutton,179,673,2369,124.23533135107527,105.00022677506776,142.50688094385424,38.90957019547818,33.87304589640027,44.05645451077485,59.13714153787839,49.95671313975402,68.08858089554288,26.007239793897867,21.23968933183119,30.518169818274306,20.23623910571399,16.799980179275305,23.29347866224212,10.118749403375936,6.448654455990615,3.6143014791301575
Swisher,398,1456,5101,177.47865389892235,152.0630288721246,209.0313856788519,61.51918556515014,53.81045800914541,70.81464099159199,83.3386387176366,71.05114487300037,98.42898267619958,32.76049397774472,27.40463639797433,39.7738307214542,28.522375095521408,24.625100265272508,34.644602492892695,15.410736804417494,8.752546630428334,4.427185863064789
Tarrant,138082,469211,1575654,383.7367184588048,276.75563784876084,513.5234615809388,186.74562322454312,128.59191630851367,260.6710916365436,141.5991555468127,105.33489606331722,184.40193116223756,57.04625129492282,41.44439781993647,76.0817308983188,63.18964592399014,44.7680659732722,87.36033951274156,42.162455971375536,13.742283345686246,7.273084075097762
Taylor,9827,31744,105265,407.1108559839578,302.91426335101465,543.0854472775101,184.2699103446136,134.26374847082795,248.03489675200103,167.036235651627,127.47611136521104,220.49597695659256,55.75697863794692,41.99649204648994,74.31553221911284,65.54852474907602,48.80237622197911,86.66154515921866,41.92916559317679,16.386611160371203,7.067819797588145
Terrell,26,121,540,42.69394072250218,38.85721716500319,46.36544165167311,8.686197213196367,7.92792760210655,9.316624059235856,22.084681827830543,20.27093735170278,23.80832500010779,11.99774890683008,10.555297900198635,13.393478550046025,6.814834446766941,6.020801607717206,7.596844594700626,2.3472269500540475,2.677198733740946,1.7786241484505645
Terry,892,2734,7921,214.6632909883732,170.16446736135748,245.71602551396435,96.04351962502298,77.94098432050971,111.26419522286324,87.5992113944987,69.82594761225378,101.4871190566822,30.59293036383854,23.82262243221669,35.67236271219004,36.50295002627904,29.388923487310397,43.007102734345615,23.49456360553028,8.944039358642991,4.077502158234637
Throckmorton,102,299,1125,125.52206208703244,115.0106284376712,139.1679548613138,36.54022299721988,34.123878191272084,39.76779664153562,54.68357349119749,50.39348882084989,60.20984841050012,34.25897411457967,30.408098057218545,39.338745535929085,20.971471567276037,18.732644187888056,23.707725704050223,9.829826910176417,6.248442722644869,4.903419414637094
Titus,2236,7421,21700,216.0196533630424,168.37359036349451,275.85888338612085,101.20785952266644,77.56426749911482,132.12935696503877,86.72610579579973,68.42956672600077,107.14834512718824,28.95373247370325,22.334331915467757,36.382307796205055,36.36335974686402,27.87840285460838,48.05465324335217,23.77528769845874,8.702402610309186,3.804308546440234
Tom Green,7381,24431,87245,303.6951464338309,235.0870145849456,397.8349073449876,137.89191304466434,100.979391421919,188.7890213370225,121.78676825334804,95.35383245385331,157.65871645623747,45.93680039891008,35.11737693842181,61.3169513393217,49.75015247739192,38.43009653917844,66.97184156771218,31.649821845508228,11.9637413409967,5.9596901361700905
Travis,73426,223472,1038063,535.0804561311962,408.1019038317207,741.3083960810401,251.73127737614655,189.8147788613268,360.0823908049457,184.28055469314023,141.2662690367793,252.1892811665844,98.34361716806347,75.29361592619563,135.8583228934699,87.10075082319185,65.62486963863114,122.24752698174014,56.903398696361535,17.3107313789543,12.351559234528883
Trinity,702,2403,11123,234.53844584687357,196.40584650021336,279.205676485133,88.58539845763895,72.87022116077047,103.68674212393611,93.7696642750478,77.32524256009603,112.63070397236312,52.72192283725411,42.84524302199464,64.38135285353435,38.38548214934441,31.860364050913347,45.32578335571057,21.72875266539325,9.651530421758752,7.093848818658625
Tyler,974,3375,16033,292.1048342775725,228.82864312143667,353.13010559010314,111.01408123549515,90.39148684951576,135.1391609414796,112.49222261077662,89.3989889672373,135.6412547861746,66.97729860581549,52.12560627025369,82.08531075560239,47.44997344423467,37.7248018553204,58.21218470720573,27.020281384450826,11.474457426647088,8.913077305102874
Upshur,2534,8715,32032,322.0118441899984,248.8778341468938,402.03783791949047,147.19991405813107,109.80066682289846,182.62550894311823,120.09999933071288,93.91613657082203,149.55435430508447,56.61550524521463,43.153985414745165,71.6114870839767,53.65758429163991,40.113783581924906,67.605606117235,34.45106492798887,11.960447791446532,7.359853129224938
Upton,162,752,2195,124.01323033711785,104.90001523631344,140.58222821750587,33.89055115279915,28.785531722763963,37.93247168570202,67.93100547144559,57.1921147574295,76.37638108039195,22.568433648832155,18.628250508745708,26.24009968680982,19.28216080722163,15.881011797463213,21.95978858505659,8.753804719522563,7.374809579394668,3.1167352007141824
Uvalde,1921,5545,17494,284.6997699222836,224.9767925274357,354.0446777937843,132.30957679167594,101.77629927241472,163.01390934294008,113.48435529179103,92.44540351381364,144.88769165670058,38.04009491154909,30.23796053799706,49.36684819199529,48.06656511795144,37.6036511295821,61.57006721844921,31.74541646212947,11.345373985652811,4.959780680677367
Val Verde,3803,11022,32895,236.68373881661395,175.34700064386132,296.4900802892697,119.51032020980952,84.65723939118148,148.87133881717455,88.58607072351302,68.78696979601781,112.52373360879004,28.877734753406223,21.796957099388436,37.20253654144853,41.24690089719584,30.263379312076733,52.189687978653055,28.10351993110025,8.946644934582208,3.777485355984414
Van Zandt,3558,12506,47936,371.0236357695969,286.4250625208714,494.8717621559682,166.91329971857277,129.75358747442786,223.6945788018087,136.00928361961866,103.74966562923932,177.3899480503876,67.72154928408355,51.32840949506732,90.60081919112017,61.13996568149937,46.75600962139771,80.29199603037577,38.98499005718056,13.277465507142496,8.68235725595629
Victoria,6076,19233,66355,247.25656815843064,198.92670464366643,326.0266291048642,120.09365117701913,91.5330736462817,160.98144669863458,91.937761253738,75.15099614423036,114.58183068283444,35.739287851094986,29.04302767545712,46.09458820586711,41.76280000489042,32.547425650379736,54.82329320789972,28.10998678072399,9.141978996015103,4.621239621777718
Walker,3266,12495,65507,1033.365338194335,775.6652431222178,1299.0240724359264,295.2254046633833,228.10937631839656,374.69599617886666,518.8398623350668,383.1341185614629,649.1893347017958,220.5078922504776,161.30541914908204,284.0883896938902,146.22187067391155,110.3839750821072,184.50570442886644,68.81708888423583,48.83619313839837,27.46447524569394
Waller,3924,16111,43518,763.1798588985832,595.5454108550124,969.4009154799984,238.5536611836811,184.34985609673555,305.00707249983344,438.29984168741606,336.42846707938924,551.7883652115074,87.40609812525307,67.3762219893442,113.0267693892998,105.72430422653912,81.14905571043788,136.65431917796533,53.74212206255265,40.990801929877605,10.750157581750033
Ward,850,2591,7525,197.90865754318125,160.94093687286764,241.51907468004512,90.0784650415532,73.00640669146877,107.83208460905254,79.76661381532654,65.18079172784516,99.08106591852696,28.06362372455452,22.456909311526623,35.32844433249623,33.83619475268708,27.561415185290105,43.10337586778727,21.976000730927225,8.305712037360047,3.721056962664491
Washington,1913,7831,27263,523.7867506456876,395.152162634412,669.6134193527869,165.8017404517562,124.25238876009196,207.90237406138,276.799952728295,206.45460221500932,357.4103288430687,82.127597478242,60.42483381849841,108.35030810125228,76.45421099178469,57.131307426388,97.40203528828744,38.95859381344837,26.782022023028876,10.380485732754078
Webb,21405,70908,176835,205.75242676041069,156.55328217304685,271.1445932972797,100.369367801362,71.69142900527484,136.1447840399635,82.57880424518993,65.52949298126501,108.39777943469828,21.81274431100534,16.73908090324871,29.213240962320235,34.76852682502857,25.767480008640018,46.75961327538051,23.637911348349338,8.39951917438611,2.827911816988792
Wharton,2851,8880,30008,230.6241364485673,184.59409565872485,301.59566027662663,106.97565651470708,83.61464604422937,143.36127398273027,89.91992048078572,72.68261097849556,114.60043197424052,32.805921300047075,26.121913336737983,42.729456314394966,38.882631905989385,30.31548640881046,51.43170716117774,25.26205177271908,9.061365184556518,4.324872972599795
Wheeler,273,1048,3483,156.85258462831763,131.3726900289782,181.13389315571268,52.67394470117674,45.04144061576666,59.99887301303276,72.79471055545221,61.162991739859805,85.44126326769904,31.068718813986944,25.41103763926033,37.32127628343082,25.5269218904108,21.242796702834177,29.87362061313806,13.524280052737543,7.757510343826852,4.265868558930389
Wichita,8106,26978,95096,425.19069341463575,319.3791259046888,544.3810784453093,181.81733524112167,130.85536675064827,233.61283370951196,182.49744263871736,142.97720279534667,231.33763760502163,60.741141209352456,46.24677634910381,78.29377651173333,66.5899498954083,49.49422011876188,87.77430336234285,41.03235993697746,17.7287294696847,7.767229554800341
Wilbarger,754,2219,9549,234.0695519688476,193.17710745639195,291.0411184371864,90.41664777592396,73.1845212441799,110.2325738817314,102.49033783967374,83.75530173547939,127.50515179784036,42.58343014887128,34.36558242729593,54.14784752777884,38.28144014533983,31.34895320999416,49.09300971675536,22.16115373642315,10.533773138062967,5.704500648327863
Willacy,1151,4212,14674,215.01392047866787,169.2693014116967,276.83473065376955,82.69282262450241,62.80805003211064,104.00372731712343,99.7138683120968,78.92931886004486,129.7997676023429,33.129837854278605,25.925959799503964,43.87843531684111,34.109603232020376,26.745805623318184,45.05003507189074,19.576874756017315,10.103472442161117,4.335650558236894
Williamson,41800,138832,516559,425.3702877521657,316.0534944236485,605.573491523172,208.00079039435295,151.4039249797586,305.4004667280622,145.31773248559728,109.62537210723522,196.5307008638178,71.64031265094711,53.4954674783625,99.4256047307348,70.85773206990518,51.69627188479185,102.10822158097912,47.82775037316753,14.013839322224298,9.050332639416864
Wilson,2966,11000,40217,233.0423518549785,178.01019205380865,289.19577240888293,101.19191562107396,77.60144475408288,127.01344662917433,90.53062866465116,70.17369899991854,113.50942838675648,39.67598609178596,30.085163366371976,49.78406722264445,38.29114692648304,29.25761164949672,48.23335725969406,24.02131831866457,9.104616034182271,5.1639382060345
Winkler,585,1761,5068,160.42442126721625,134.84831624732567,190.01614069604108,69.44192854703155,57.09236809089568,82.02302388578029,68.941742983106,58.36680758675222,82.15297600791392,21.90522428866808,18.216886408985427,26.653112552153328,27.341128278801158,22.424473937738465,33.69074590332322,17.27481304283183,7.16627426150938,2.9471752434043106
Wise,4752,16237,57108,403.4683626019411,295.21904451771496,517.5730644151994,188.40666481493884,134.2979816474371,248.69894346137664,145.84060066136664,106.40768381834414,185.5599991679966,68.7162578169463,50.05971512669272,88.53060663939438,66.6227556834506,48.83195986854787,87.95573730103361,43.713532925913,14.329933403708688,8.721488951944265
Wood,2099,7927,37895,349.53304143233663,273.39047722326444,453.1842786091521,132.44568392298126,102.51441339477662,176.98354914490844,139.08438154301984,109.42410678936623,180.2823912810341,76.16447056429729,58.74494883245214,100.58238712130112,55.22184588506515,42.415848588457145,71.2422024566369,31.6491798642581,13.85396722205222,9.86606079289012
Yoakum,665,2037,4766,205.11580198221023,164.16945571827117,250.40859345449897,89.7198876846156,72.09330948739522,108.85148553244863,90.38769454716017,71.40301915053536,111.88245970354085,25.04654340059094,19.49000413951325,31.939375203103097,35.083417233565314,28.09525759502189,43.180258213669646,22.40690239535364,9.294387717002405,3.3611556040033577
Young,1067,3681,13376,224.4257051068477,176.72064394460253,278.39561090932506,94.7999459974344,72.67997701666998,116.16945336558072,90.4887968033758,73.33611763363534,114.31888137692124,39.50706507387062,31.216935104072533,50.12774125476683,37.23252089828698,28.79761462905807,47.485502471348845,22.81790783481135,9.2409671680911,5.273601044844738
Zapata,971,3807,8958,148.27250770819,116.78747266252216,175.36305119379685,61.02928967735964,47.44009420883784,75.41370524495903,68.72610895295577,55.91289619348046,82.22550400295927,17.410030156813978,13.760615221407132,20.844842995397983,24.35138508228821,18.878358280745157,29.48284127290911,14.87437606338791,7.097865225455466,2.304586254477665
Zavala,734,2315,6263,153.8350079789229,119.54281196223693,186.2920295000773,66.55597850858177,52.05903673562921,82.13440836541744,67.99753290891626,52.94026854154805,81.10938295808478,18.975308675756125,14.691285919852437,23.520557909307943,26.104628266420644,20.113218290412057,31.55206670978287,16.414480814065023,7.092635346842041,2.565774034389263
